Test Case,Time (s)
1,7.224668
2,7.172231
3,7.119766
4,7.132861
5,7.121228
6,7.116708
7,7.125831
8,7.119304
9,7.111745
10,7.120834
Average,7.1365176
