Test Case,Time (s)
1,6.367484
2,6.4151
3,6.431407
Average,6.404663666666667
